Date,Equity,Cash
2020-02-11,1000000.0,1000000.0
2020-02-12,1000000.0,1000000.0
2020-02-13,1000000.0,1000000.0
2020-02-14,1000000.0,1000000.0
2020-02-18,1000000.0,1000000.0
2020-02-19,1000000.0,1000000.0
2020-02-20,974610.6615000002,108.23150000011083
2020-02-21,941937.1015000001,108.23150000011083
2020-02-24,904787.5215,108.23150000011083
2020-02-25,881573.4915000001,108.23150000011083
2020-02-26,888707.0815000002,108.23150000011083
2020-02-27,845322.3515999999,11666.191600000078
2020-02-28,851191.5815999999,11666.191600000078
2020-03-02,890055.4716,11666.191600000078
2020-03-03,854501.8116000001,11666.191600000078
2020-03-04,894345.5016000001,11666.191600000078
2020-03-05,846902.5446000001,2326.5246000000916
2020-03-06,827292.6046000001,2326.5246000000916
2020-03-09,752135.3246000002,2326.5246000000916
2020-03-10,784396.2646000001,2326.5246000000916
2020-03-11,736557.8246,2326.5246000000916
2020-03-12,711153.4458819825,529410.2071734864
2020-03-13,830413.5580183845,32458.29344242625
2020-03-16,644025.2512604576,32458.29344242625
2020-03-17,720039.6866623741,32458.29344242625
2020-03-18,649516.524670301,32458.29344242625
2020-03-19,649124.2694804053,32458.29344242625
2020-03-20,593192.1147763114,32458.29344242625
2020-03-23,561029.1043965202,32458.29344242625
2020-03-24,660891.2069804053,32458.29344242625
2020-03-25,676972.712170301,32458.29344242625
2020-03-26,752908.6247145515,32458.29344242625
2020-03-27,708351.212170301,32458.29344242625
2020-03-30,752359.503358541,32458.29344242625
2020-03-31,729923.930920301,32458.29344242625
2020-04-01,667166.930920301,32458.29344242625
2020-04-02,696976.4700104576,32458.29344242625
2020-04-03,677992.4918743949,32458.29344242625
2020-04-06,765224.743420301,32458.29344242625
2020-04-07,765930.7309424262,32458.29344242625
2020-04-08,815273.4293743949,32458.29344242625
2020-04-09,838571.9752003532,32458.29344242625
2020-04-13,823667.1757304053,32458.29344242625
2020-04-14,870970.2549044472,32458.29344242625
2020-04-15,834963.454882322,32458.29344242625
2020-04-16,843200.2752224784,32458.29344242625
2020-04-17,886581.0418965202,32458.29344242625
2020-04-20,856379.247616468,32458.29344242625
2020-04-21,805467.6481243949,32458.29344242625
2020-04-22,840533.1314503532,32458.29344242625
2020-04-23,840062.4132525305,32458.29344242625
2020-04-24,863204.0929123741,32458.29344242625
2020-04-27,887051.7600943426,32458.29344242625
2020-04-28,878736.4168965202,32458.29344242625
2020-04-29,922901.6939503532,32458.29344242625
2020-04-30,905565.079882322,32458.29344242625
2020-05-01,859360.243420301,32458.29344242625
2020-05-04,864694.5309645515,32458.29344242625
2020-05-05,879756.2564503532,32458.29344242625
2020-05-06,868146.185116468,32458.29344242625
2020-05-07,888150.0028063636,32458.29344242625
2020-05-08,916469.1038443426,32458.29344242625
2020-05-11,917175.091366468,32458.29344242625
2020-05-12,880776.0361544472,32458.29344242625
2020-05-13,851280.2293965202,32458.29344242625
2020-05-14,871127.180920301,32458.29344242625
2020-05-15,878658.0137383323,32458.29344242625
2020-05-18,930354.0637604576,32458.29344242625
2020-05-19,911997.6699883323,32458.29344242625
2020-05-20,941493.4168965202,32458.29344242625
2020-05-21,928000.712170301,32458.29344242625
2020-05-22,931766.0986544472,32458.29344242625
2020-05-26,954907.7184645515,32458.29344242625
2020-05-27,981422.5892683845,32458.29344242625
2020-05-28,978284.7272984367,32458.29344242625
2020-05-29,985501.7679344993,32458.29344242625
2020-06-01,994287.7694804053,32458.29344242625
2020-06-02,1010212.3486544472,32458.29344242625
2020-06-03,1036413.4272763114,32458.29344242625
2020-06-04,977386.8926379725,824.5926379726152
2020-06-05,980143.5926379727,824.5926379726152
2020-06-08,986124.8126379726,824.5926379726152
2020-06-09,1008051.2426379726,824.5926379726152
2020-06-10,1020184.5626379726,824.5926379726152
2020-06-11,977931.7526379726,824.5926379726152
2020-06-12,981755.0426379726,824.5926379726152
2020-06-15,1009270.9226379727,824.5926379726152
2020-06-16,1002119.2226379726,824.5926379726152
2020-06-17,1016321.2526379726,824.5926379726152
2020-06-18,1008415.0826379727,824.5926379726152
2020-06-19,1050490.6326379727,824.5926379726152
2020-06-22,1046523.0926379727,824.5926379726152
2020-06-23,1050156.6226379727,824.5926379726152
2020-06-24,1022284.0826379727,824.5926379726152
2020-06-25,1032310.6977379727,11622.17773797264
2020-06-26,1009367.4977379728,11622.17773797264
2020-06-29,1016530.0577379726,11622.17773797264
2020-06-30,1037060.7977379726,11622.17773797264
2020-07-01,1037638.7377379728,11622.17773797264
2020-07-02,1043593.8877379727,11622.17773797264
2020-07-06,1061247.6777379727,11622.17773797264
2020-07-07,1076390.8777379727,11622.17773797264
2020-07-08,1094639.7377379728,11622.17773797264
2020-07-09,1100560.0862379726,12.326237972651143
2020-07-10,1085705.0362379726,12.326237972651143
2020-07-13,1038654.3062379726,12.326237972651143
2020-07-14,1048743.3862379726,12.326237972651143
2020-07-15,1064102.3762379726,12.326237972651143
2020-07-16,1049479.6074379727,28.327437972591724
2020-07-17,1058710.3874379727,28.327437972591724
2020-07-20,1085510.3174379726,28.327437972591724
2020-07-21,1077476.2974379726,28.327437972591724
2020-07-22,1090062.1774379727,28.327437972591724
2020-07-23,1066048.5674379726,28.327437972591724
2020-07-24,1068607.7174379728,28.327437972591724
2020-07-27,1071106.1074379727,28.327437972591724
2020-07-28,1059006.0074379728,28.327437972591724
2020-07-29,1090533.5874379727,28.327437972591724
2020-07-30,1086512.5268379725,31259.466837972548
2020-07-31,1091243.516837973,31259.466837972548
2020-08-03,1103874.7668379727,31259.466837972548
2020-08-04,1107885.7568379727,31259.466837972548
2020-08-05,1130792.7568379727,31259.466837972548
2020-08-06,1147463.0063379726,428.86633797247487
2020-08-07,1134760.5763379724,428.86633797247487
2020-08-10,1137531.8163379724,428.86633797247487
2020-08-11,1119320.0963379724,428.86633797247487
2020-08-12,1134348.7063379723,428.86633797247487
2020-08-13,1130916.4843379725,34674.15433797247
2020-08-14,1128085.0543379723,34674.15433797247
2020-08-17,1154137.6743379724,34674.15433797247
2020-08-18,1152002.6443379724,34674.15433797247
2020-08-19,1157771.1443379724,34674.15433797247
2020-08-20,1156286.8343379726,34674.15433797247
2020-08-21,1155518.3943379724,34674.15433797247
2020-08-24,1169992.0743379723,34674.15433797247
2020-08-25,1172541.0543379723,34674.15433797247
2020-08-26,1192288.1843379722,34674.15433797247
2020-08-27,1176763.9743379722,34674.15433797247
2020-08-28,1180297.4443379724,34674.15433797247
2020-08-31,1179409.6443379724,34674.15433797247
2020-09-01,1199894.6143379724,34674.15433797247
2020-09-02,1209722.1643379724,34674.15433797247
2020-09-03,1166237.3201379725,802.6301379724755
2020-09-04,1154037.9101379723,802.6301379724755
2020-09-08,1124765.2701379727,802.6301379724755
2020-09-09,1159956.8801379725,802.6301379724755
2020-09-10,1118416.1331379726,12580.42313797248
2020-09-11,1138791.2731379722,12580.42313797248
2020-09-14,1146391.7431379724,12580.42313797248
2020-09-15,1155452.6531379726,12580.42313797248
2020-09-16,1179274.0831379727,12580.42313797248
2020-09-17,1178371.4331379724,12580.42313797248
2020-09-18,1177328.5431379722,12580.42313797248
2020-09-21,1145014.6131379725,12580.42313797248
2020-09-22,1160015.9031379726,12580.42313797248
2020-09-23,1133741.1331379726,12580.42313797248
2020-09-24,1150246.2831379725,12580.42313797248
2020-09-25,1174537.7231379724,12580.42313797248
2020-09-28,1196386.3631379725,12580.42313797248
2020-09-29,1184211.0231379727,12580.42313797248
2020-09-30,1182437.7031379724,12580.42313797248
2020-10-01,1188744.9931379724,12580.42313797248
2020-10-02,1198238.8831379726,12580.42313797248
2020-10-05,1221039.5831379723,12580.42313797248
2020-10-06,1208077.1831379724,12580.42313797248
2020-10-07,1252980.8631379725,12580.42313797248
2020-10-08,1252174.3031379725,12580.42313797248
2020-10-09,1262274.8731379723,12580.42313797248
2020-10-12,1270066.8931379723,12580.42313797248
2020-10-13,1261946.6031379728,12580.42313797248
2020-10-14,1266138.9231379726,12580.42313797248
2020-10-15,1277321.0931379725,12580.42313797248
2020-10-16,1281053.1531379726,12580.42313797248
2020-10-19,1269441.2431379724,12580.42313797248
2020-10-20,1297058.8931379723,12580.42313797248
2020-10-21,1288597.4631379726,12580.42313797248
2020-10-22,1294759.4331379724,12580.42313797248
2020-10-23,1311727.9031379726,12580.42313797248
2020-10-26,1270967.7831379725,12580.42313797248
2020-10-27,1276925.5431379727,12580.42313797248
2020-10-28,1212035.9131379724,12580.42313797248
2020-10-29,1248305.4231379726,12580.42313797248
2020-10-30,1221484.8431379725,12580.42313797248
2020-11-02,1264237.4231379726,12580.42313797248
2020-11-03,1306415.8131379727,12580.42313797248
2020-11-04,1285622.7431379724,12580.42313797248
2020-11-05,1324573.8031379725,12580.42313797248
2020-11-06,1345314.0631379727,12580.42313797248
2020-11-09,1323479.0331379725,12580.42313797248
2020-11-10,1322279.7231379724,12580.42313797248
2020-11-11,1325406.8531379728,12580.42313797248
2020-11-12,1296932.0645379727,750.4645379725116
2020-11-13,1328079.5245379726,750.4645379725116
2020-11-16,1383533.4845379726,750.4645379725116
2020-11-17,1401881.1545379728,750.4645379725116
2020-11-18,1379030.3945379728,750.4645379725116
2020-11-19,1384738.7945379724,750.4645379725116
2020-11-20,1378392.5345379726,750.4645379725116
2020-11-23,1408532.4945379728,750.4645379725116
2020-11-24,1455001.3945379728,750.4645379725116
2020-11-25,1446592.3445379725,750.4645379725116
2020-11-27,1430355.6245379727,750.4645379725116
2020-11-30,1422161.5945379727,750.4645379725116
2020-12-01,1424084.3445379725,750.4645379725116
2020-12-02,1430899.9845379726,750.4645379725116
2020-12-03,1442594.8145379727,44116.42453797251
2020-12-04,1465886.1845379726,44116.42453797251
2020-12-07,1457426.3645379727,44116.42453797251
2020-12-08,1462945.9945379724,44116.42453797251
2020-12-09,1461437.2645379724,44116.42453797251
2020-12-10,1450909.302137972,900.2821379723609
2020-12-11,1434046.6921379722,900.2821379723609
2020-12-14,1411940.7421379725,900.2821379723609
2020-12-15,1436955.0221379723,900.2821379723609
2020-12-16,1438549.5121379723,900.2821379723609
2020-12-17,1449745.7421379723,900.2821379723609
2020-12-18,1412417.0521379723,900.2821379723609
2020-12-21,1415726.8421379721,900.2821379723609
2020-12-22,1408335.7321379725,900.2821379723609
2020-12-23,1426417.7821379723,900.2821379723609
2020-12-24,1437828.4636379723,565.5236379723283
2020-12-28,1424288.0336379723,565.5236379723283
2020-12-29,1405636.1936379722,565.5236379723283
2020-12-30,1466675.4536379725,565.5236379723283
2020-12-31,1450639.4336379722,565.5236379723283
2021-01-04,1479712.2936379723,565.5236379723283
2021-01-05,1517566.9536379725,565.5236379723283
2021-01-06,1586112.1936379722,565.5236379723283
2021-01-07,1601809.7911379721,72872.40113797234
2021-01-08,1594046.8911379722,72872.40113797234
2021-01-11,1598555.4611379723,72872.40113797234
2021-01-12,1647364.9811379723,72872.40113797234
2021-01-13,1617588.8811379722,72872.40113797234
2021-01-14,1652816.3053379722,1433.205337972322
2021-01-15,1614471.2153379724,1433.205337972322
2021-01-19,1633671.9453379724,1433.205337972322
2021-01-20,1675489.5053379722,1433.205337972322
2021-01-21,1602466.1811379723,666.2511379723001
2021-01-22,1607354.451137972,666.2511379723001
2021-01-25,1579286.9611379725,666.2511379723001
2021-01-26,1534963.4911379726,666.2511379723001
2021-01-27,1495541.1511379725,666.2511379723001
2021-01-28,1559434.5111379724,666.2511379723001
2021-01-29,1503522.1711379725,666.2511379723001
2021-02-01,1547196.8611379724,666.2511379723001
2021-02-02,1569337.9611379725,666.2511379723001
2021-02-03,1626474.7611379724,666.2511379723001
2021-02-04,1650784.6411379725,666.2511379723001
2021-02-05,1689809.5811379724,666.2511379723001
2021-02-08,1726014.8011379724,666.2511379723001
2021-02-09,1737377.5311379726,666.2511379723001
2021-02-10,1754009.8811379722,666.2511379723001
2021-02-11,1740955.9551379723,77928.4251379723
2021-02-12,1745741.3351379724,77928.4251379723
2021-02-16,1791009.8151379724,77928.4251379723
2021-02-17,1806430.3851379722,77928.4251379723
2021-02-18,1762394.965137972,77928.4251379723
2021-02-19,1835879.005137972,77928.4251379723
2021-02-22,1873767.3951379724,77928.4251379723
2021-02-23,1869110.925137972,77928.4251379723
2021-02-24,1909526.8651379722,77928.4251379723
2021-02-25,1858328.4772379722,787.8672379722993
2021-02-26,1839977.9372379724,787.8672379722993
2021-03-01,1918668.1872379722,787.8672379722993
2021-03-02,1911911.797237972,787.8672379722993
2021-03-03,1895898.6172379723,787.8672379722993
2021-03-04,1867686.8063379726,69934.50633797231
2021-03-05,1948576.0963379724,69934.50633797231
2021-03-08,1959405.3463379722,69934.50633797231
2021-03-09,1944220.2563379724,69934.50633797231
2021-03-10,1963956.0063379724,69934.50633797231
2021-03-11,2025093.8843379724,709.91433797231
2021-03-12,2035362.4243379724,709.91433797231
2021-03-15,2067529.3243379723,709.91433797231
2021-03-16,1989541.5743379726,709.91433797231
2021-03-17,2014458.2443379725,709.91433797231
2021-03-18,1981192.8543379724,709.91433797231
2021-03-19,1980066.2643379725,709.91433797231
2021-03-22,1951644.3543379724,709.91433797231
2021-03-23,1840722.6743379724,709.91433797231
2021-03-24,1827418.3043379723,709.91433797231
2021-03-25,1855507.1355379724,672.2655379723146
2021-03-26,1898963.6255379722,672.2655379723146
2021-03-29,1831673.0355379723,672.2655379723146
2021-03-30,1873023.0955379724,672.2655379723146
2021-03-31,1883721.6155379724,672.2655379723146
2021-04-01,1932866.5379379722,977.3879379723076
2021-04-05,1955142.1979379721,977.3879379723076
2021-04-06,1956782.9979379722,977.3879379723076
2021-04-07,1946718.4179379724,977.3879379723076
2021-04-08,1930937.5016379722,2277.6016379723296
2021-04-09,1954204.5516379725,2277.6016379723296
2021-04-12,1962485.7216379726,2277.6016379723296
2021-04-13,1931238.7916379722,2277.6016379723296
2021-04-14,1959500.1316379723,2277.6016379723296
2021-04-15,1986786.5147379725,36.07473797228886
2021-04-16,1968022.2747379725,36.07473797228886
2021-04-19,1953423.9447379722,36.07473797228886
2021-04-20,1881037.9747379723,36.07473797228886
2021-04-21,1919851.5747379726,36.07473797228886
2021-04-22,1902734.9747379723,36.07473797228886
2021-04-23,1949734.4447379725,36.07473797228886
2021-04-26,1959597.064737972,36.07473797228886
2021-04-27,1987260.7647379723,36.07473797228886
2021-04-28,2063102.8047379723,36.07473797228886
2021-04-29,2035204.696237972,17.306237972225063
2021-04-30,2003040.6262379726,17.306237972225063
2021-05-03,2031638.6462379722,17.306237972225063
2021-05-04,1989727.3562379726,17.306237972225063
2021-05-05,2027466.0762379724,17.306237972225063
2021-05-06,2016633.9562379722,17.306237972225063
2021-05-07,2084322.4162379722,17.306237972225063
2021-05-10,2053792.0862379721,17.306237972225063
2021-05-11,2020700.5362379723,17.306237972225063
2021-05-12,1947609.7262379723,17.306237972225063
2021-05-13,1964606.1269379721,9216.466937972174
2021-05-14,2012025.9669379722,9216.466937972174
2021-05-17,2035970.6869379722,9216.466937972174
2021-05-18,1993989.2769379723,9216.466937972174
2021-05-19,1949824.4669379722,9216.466937972174
2021-05-20,1956636.1269379724,9216.466937972174
2021-05-21,1946789.166937972,9216.466937972174
2021-05-24,1967022.306937972,9216.466937972174
2021-05-25,1938623.0869379723,9216.466937972174
2021-05-26,1964352.6469379724,9216.466937972174
2021-05-27,1946858.985537972,99.30553797242464
2021-05-28,1946326.7655379723,99.30553797242464
2021-06-01,1989707.1855379723,99.30553797242464
2021-06-02,1951772.0355379723,99.30553797242464
2021-06-03,1952271.3401379725,1054.3801379724318
2021-06-04,1970519.8401379725,1054.3801379724318
2021-06-07,1965624.5901379725,1054.3801379724318
2021-06-08,1979637.9901379724,1054.3801379724318
2021-06-09,1943211.4001379726,1054.3801379724318
2021-06-10,1909620.5051379725,1.0351379724452272
2021-06-11,1918618.0351379723,1.0351379724452272
2021-06-14,1880112.8851379724,1.0351379724452272
2021-06-15,1890240.4551379723,1.0351379724452272
2021-06-16,1874191.9451379725,1.0351379724452272
2021-06-17,1783995.1181379727,770.6881379724509
2021-06-18,1734866.2981379724,770.6881379724509
2021-06-21,1784836.2281379725,770.6881379724509
2021-06-22,1780989.1881379725,770.6881379724509
2021-06-23,1792512.5481379724,770.6881379724509
2021-06-24,1793892.8659379724,6037.445937972399
2021-06-25,1794268.1159379724,6037.445937972399
2021-06-28,1784487.9159379727,6037.445937972399
2021-06-29,1796325.6159379724,6037.445937972399
2021-06-30,1811175.6559379725,6037.445937972399
2021-07-01,1805277.7432379723,438.84323797241086
2021-07-02,1812707.3832379724,438.84323797241086
2021-07-06,1797034.6432379722,438.84323797241086
2021-07-07,1821187.3732379721,438.84323797241086
2021-07-08,1795955.5432379723,438.84323797241086
2021-07-09,1831441.0332379723,438.84323797241086
2021-07-12,1830491.9132379724,438.84323797241086
2021-07-13,1805285.9432379724,438.84323797241086
2021-07-14,1807653.3032379723,438.84323797241086
2021-07-15,1775105.7674379721,31026.267437972303
2021-07-16,1759088.4774379723,31026.267437972303
2021-07-19,1744650.9374379725,31026.267437972303
2021-07-20,1764662.5874379724,31026.267437972303
2021-07-21,1785216.5474379724,31026.267437972303
2021-07-22,1758762.0865379723,165.83653797226725
2021-07-23,1784027.6565379724,165.83653797226725
2021-07-26,1793826.5265379723,165.83653797226725
2021-07-27,1807092.5265379723,165.83653797226725
2021-07-28,1803274.7165379727,165.83653797226725
2021-07-29,1820427.2986379724,54822.53863797227
2021-07-30,1820945.6586379723,54822.53863797227
2021-08-02,1819670.9786379721,54822.53863797227
2021-08-03,1882162.2986379724,54822.53863797227
2021-08-04,1880140.358637972,54822.53863797227
2021-08-05,1903058.1901379726,2980.730137972365
2021-08-06,1896469.6001379725,2980.730137972365
2021-08-09,1923251.1701379723,2980.730137972365
2021-08-10,1904221.6701379726,2980.730137972365
2021-08-11,1865248.1901379724,2980.730137972365
2021-08-12,1906734.2601379724,2980.730137972365
2021-08-13,1919367.3401379723,2980.730137972365
2021-08-16,1903657.6401379725,2980.730137972365
2021-08-17,1907205.4701379724,2980.730137972365
2021-08-18,1867760.4501379721,2980.730137972365
2021-08-19,1881531.8473379724,1615.3773379723425
2021-08-20,1915656.4773379725,1615.3773379723425
2021-08-23,1974952.2073379722,1615.3773379723425
2021-08-24,1947227.8873379722,1615.3773379723425
2021-08-25,1984417.0973379726,1615.3773379723425
2021-08-26,1985715.2873379725,1615.3773379723425
2021-08-27,2007697.1773379722,1615.3773379723425
2021-08-30,2008476.977337972,1615.3773379723425
2021-08-31,1999147.8173379723,1615.3773379723425
2021-09-01,1996214.0973379724,1615.3773379723425
2021-09-02,2012370.1000379727,116881.80003797234
2021-09-03,2044155.7000379723,116881.80003797234
2021-09-07,2034680.3700379722,116881.80003797234
2021-09-08,2015554.7400379723,116881.80003797234
2021-09-09,2036329.8717379724,1421.8017379723315
2021-09-10,2034036.5617379723,1421.8017379723315
2021-09-13,1980234.9417379722,1421.8017379723315
2021-09-14,1995067.0517379723,1421.8017379723315
2021-09-15,2018490.2317379725,1421.8017379723315
2021-09-16,2020275.6417379724,1421.8017379723315
2021-09-17,1985927.3017379723,1421.8017379723315
2021-09-20,1965247.0717379723,1421.8017379723315
2021-09-21,1965821.3017379723,1421.8017379723315
2021-09-22,2011174.4917379722,1421.8017379723315
2021-09-23,2062190.3727379723,1126.5127379723272
2021-09-24,2040462.1327379725,1126.5127379723272
2021-09-27,1976220.4527379724,1126.5127379723272
2021-09-28,1891573.7227379724,1126.5127379723272
2021-09-29,1894999.1127379725,1126.5127379723272
2021-09-30,1875581.300937972,197.2609379721107
2021-10-01,1860282.530937972,197.2609379721107
2021-10-04,1815333.5809379723,197.2609379721107
2021-10-05,1840598.1509379721,197.2609379721107
2021-10-06,1815799.860937972,197.2609379721107
2021-10-07,1829701.953737972,22404.97373797209
2021-10-08,1813796.023737972,22404.97373797209
2021-10-11,1796918.993737972,22404.97373797209
2021-10-12,1809221.5037379721,22404.97373797209
2021-10-13,1837093.213737972,22404.97373797209
2021-10-14,1870683.6667379723,14648.986737972125
2021-10-15,1862870.166737972,14648.986737972125
2021-10-18,1890025.3267379722,14648.986737972125
2021-10-19,1900050.526737972,14648.986737972125
2021-10-20,1889666.0067379721,14648.986737972125
2021-10-21,1939689.5307379721,16118.630737972126
2021-10-22,1935587.1507379722,16118.630737972126
2021-10-25,1962750.650737972,16118.630737972126
2021-10-26,1964915.5707379724,16118.630737972126
2021-10-27,1947520.6507379722,16118.630737972126
2021-10-28,1986276.5747379719,71.06473797216313
2021-10-29,1983179.274737972,71.06473797216313
2021-11-01,1977952.004737972,71.06473797216313
2021-11-02,2008688.6547379722,71.06473797216313
2021-11-03,1935115.234737972,71.06473797216313
2021-11-04,1922268.8622379722,1554.1822379721561
2021-11-05,1939875.4022379722,1554.1822379721561
2021-11-08,1961626.2822379721,1554.1822379721561
2021-11-09,1963639.1522379722,1554.1822379721561
2021-11-10,1910459.0522379722,1554.1822379721561
2021-11-11,1917987.2492379718,76490.21923797211
2021-11-12,1926906.669237972,76490.21923797211
2021-11-15,1933032.499237972,76490.21923797211
2021-11-16,1951619.8492379722,76490.21923797211
2021-11-17,1916838.229237972,76490.21923797211
2021-11-18,1907400.1178379722,3147.3178379722813
2021-11-19,1870044.357837972,3147.3178379722813
2021-11-22,1888449.8878379723,3147.3178379722813
2021-11-23,1935959.547837972,3147.3178379722813
2021-11-24,1966498.3278379724,3147.3178379722813
2021-11-26,1866139.0378379722,3147.3178379722813
2021-11-29,1927684.697837972,3147.3178379722813
2021-11-30,1849339.7678379724,3147.3178379722813
2021-12-01,1794894.0678379722,3147.3178379722813
2021-12-02,1814318.4672379724,1420.0772379723348
2021-12-03,1777633.607237972,1420.0772379723348
2021-12-06,1796355.5372379723,1420.0772379723348
2021-12-07,1895119.8972379724,1420.0772379723348
2021-12-08,1886832.567237972,1420.0772379723348
2021-12-09,1805566.4172379721,1420.0772379723348
2021-12-10,1838310.9572379726,1420.0772379723348
2021-12-13,1747475.5772379723,1420.0772379723348
2021-12-14,1719417.7172379724,1420.0772379723348
2021-12-15,1722925.7772379722,1420.0772379723348
2021-12-16,1719084.3517379726,4.981737972411793
2021-12-17,1675345.9917379725,4.981737972411793
2021-12-20,1636837.6617379724,4.981737972411793
2021-12-21,1718184.8617379726,4.981737972411793
2021-12-22,1751517.3517379723,4.981737972411793
2021-12-23,1756694.1817379724,4.981737972411793
2021-12-27,1847367.6117379724,4.981737972411793
2021-12-28,1840573.5417379725,4.981737972411793
2021-12-29,1826496.3217379726,4.981737972411793
2021-12-30,1799532.4417379724,4.981737972411793
2021-12-31,1809838.9417379724,4.981737972411793
2022-01-03,1884008.8017379725,4.981737972411793
2022-01-04,2017931.0317379723,4.981737972411793
2022-01-05,1970598.4917379725,4.981737972411793
2022-01-06,2010544.1904379725,19746.91043797246
2022-01-07,1993415.6104379727,19746.91043797246
2022-01-10,1958851.7504379726,19746.91043797246
2022-01-11,1989945.6904379723,19746.91043797246
2022-01-12,1991261.2504379724,19746.91043797246
2022-01-13,1978048.5404379726,19746.91043797246
2022-01-14,1963907.7304379726,19746.91043797246
2022-01-18,1931066.2804379724,19746.91043797246
2022-01-19,1893112.7304379724,19746.91043797246
2022-01-20,1824245.0989379724,26887.29893797252
2022-01-21,1767634.8489379724,26887.29893797252
2022-01-24,1817943.1789379725,26887.29893797252
2022-01-25,1811288.4689379726,26887.29893797252
2022-01-26,1800014.8489379724,26887.29893797252
2022-01-27,1824152.3960379723,1824152.3960379723
2022-01-28,1824152.3960379723,1824152.3960379723
2022-01-31,1824152.3960379723,1824152.3960379723
2022-02-01,1824152.3960379723,1824152.3960379723
2022-02-02,1824152.3960379723,1824152.3960379723
2022-02-03,1824152.3960379723,1824152.3960379723
2022-02-04,1824152.3960379723,1824152.3960379723
2022-02-07,1824152.3960379723,1824152.3960379723
2022-02-08,1824152.3960379723,1824152.3960379723
2022-02-09,1824152.3960379723,1824152.3960379723
2022-02-10,1781108.322837972,399.11283797223587
2022-02-11,1762873.842837972,399.11283797223587
2022-02-14,1751992.342837972,399.11283797223587
2022-02-15,1776640.5628379723,399.11283797223587
2022-02-16,1793520.9628379722,399.11283797223587
2022-02-17,1765108.242837972,399.11283797223587
2022-02-18,1749674.5228379723,399.11283797223587
2022-02-22,1742478.0828379723,399.11283797223587
2022-02-23,1739525.202837972,399.11283797223587
2022-02-24,1736572.3098379723,1736572.3098379723
2022-02-25,1736572.3098379723,1736572.3098379723
2022-02-28,1736572.3098379723,1736572.3098379723
2022-03-01,1736572.3098379723,1736572.3098379723
2022-03-02,1736572.3098379723,1736572.3098379723
2022-03-03,1736572.3098379723,1736572.3098379723
2022-03-04,1736572.3098379723,1736572.3098379723
2022-03-07,1736572.3098379723,1736572.3098379723
2022-03-08,1736572.3098379723,1736572.3098379723
2022-03-09,1736572.3098379723,1736572.3098379723
2022-03-10,1736572.3098379723,1736572.3098379723
2022-03-11,1736572.3098379723,1736572.3098379723
2022-03-14,1736572.3098379723,1736572.3098379723
2022-03-15,1736572.3098379723,1736572.3098379723
2022-03-16,1736572.3098379723,1736572.3098379723
2022-03-17,1736572.3098379723,1736572.3098379723
2022-03-18,1736572.3098379723,1736572.3098379723
2022-03-21,1736572.3098379723,1736572.3098379723
2022-03-22,1736572.3098379723,1736572.3098379723
2022-03-23,1736572.3098379723,1736572.3098379723
2022-03-24,1736572.3098379723,1736572.3098379723
2022-03-25,1736572.3098379723,1736572.3098379723
2022-03-28,1736572.3098379723,1736572.3098379723
2022-03-29,1736572.3098379723,1736572.3098379723
2022-03-30,1736572.3098379723,1736572.3098379723
2022-03-31,1736572.3098379723,1736572.3098379723
2022-04-01,1736572.3098379723,1736572.3098379723
2022-04-04,1736572.3098379723,1736572.3098379723
2022-04-05,1736572.3098379723,1736572.3098379723
2022-04-06,1736572.3098379723,1736572.3098379723
2022-04-07,1736572.3098379723,1736572.3098379723
2022-04-08,1736572.3098379723,1736572.3098379723
2022-04-11,1736572.3098379723,1736572.3098379723
2022-04-12,1736572.3098379723,1736572.3098379723
2022-04-13,1736572.3098379723,1736572.3098379723
2022-04-14,1736572.3098379723,1736572.3098379723
2022-04-18,1736572.3098379723,1736572.3098379723
2022-04-19,1736572.3098379723,1736572.3098379723
2022-04-20,1736572.3098379723,1736572.3098379723
2022-04-21,1736572.3098379723,1736572.3098379723
2022-04-22,1736572.3098379723,1736572.3098379723
2022-04-25,1736572.3098379723,1736572.3098379723
2022-04-26,1736572.3098379723,1736572.3098379723
2022-04-27,1736572.3098379723,1736572.3098379723
2022-04-28,1736572.3098379723,1736572.3098379723
2022-04-29,1736572.3098379723,1736572.3098379723
2022-05-02,1736572.3098379723,1736572.3098379723
2022-05-03,1736572.3098379723,1736572.3098379723
2022-05-04,1736572.3098379723,1736572.3098379723
2022-05-05,1736572.3098379723,1736572.3098379723
2022-05-06,1736572.3098379723,1736572.3098379723
2022-05-09,1736572.3098379723,1736572.3098379723
2022-05-10,1733458.6965303246,1215612.178090078
2022-05-11,1716899.0674485986,1215612.178090078
2022-05-12,1715979.0858888451,1215612.178090078
2022-05-13,1739694.1227693383,1215612.178090078
2022-05-16,1735809.7518510644,1215612.178090078
2022-05-17,1756560.399373037,1215612.178090078
2022-05-18,1713219.141209585,1215612.178090078
2022-05-19,1706677.0674485986,1215612.178090078
2022-05-20,1707085.956807119,1215612.178090078
2022-05-23,1725689.9936876122,1215612.178090078
2022-05-24,1718023.4936876122,1215612.178090078
2022-05-25,1727121.0674485986,1215612.178090078
2022-05-26,1747053.9752473657,1215612.178090078
2022-05-27,1773222.2702913112,1215612.178090078
2022-05-31,1766782.399373037,1215612.178090078
2022-06-01,1757991.5121278588,1215612.178090078
2022-06-02,1778231.0674485986,1215612.178090078
2022-06-03,1760035.8809327905,1215612.178090078
2022-06-06,1763102.5121278588,1215612.178090078
2022-06-07,1773426.7149705712,1215612.178090078
2022-06-08,1761466.9936876122,1215612.178090078
2022-06-09,1735400.8624925439,1215612.178090078
2022-06-10,1705041.549008352,1215612.178090078
2022-06-13,1667731.2334108178,1215612.178090078
2022-06-14,1656779.700761377,715304.7594180696
2022-06-15,1683342.315000116,715304.7594180696
2022-06-16,1621005.7532687779,715304.7594180696
2022-06-17,1622505.2517314546,715304.7594180696
2022-06-21,1668561.5094180696,715304.7594180696
2022-06-22,1664919.8936420076,715304.7594180696
2022-06-23,1683985.0155673614,715304.7594180696
2022-06-24,1745036.2578807466,715304.7594180696
2022-06-27,1737752.9446120851,715304.7594180696
2022-06-28,1695766.8242240543,715304.7594180696
2022-06-29,1693410.446149408,715304.7594180696
2022-06-30,1677130.1421046846,715304.7594180696
2022-07-01,1697266.3226867311,715304.7594180696
2022-07-05,1701122.1992240543,715304.7594180696
2022-07-06,1708191.2517314546,715304.7594180696
2022-07-07,1736896.065000116,715304.7594180696
2022-07-08,1735396.5665374391,715304.7594180696
2022-07-11,1712475.5680747624,715304.7594180696
2022-07-12,1694481.5048061006,715304.7594180696
2022-07-13,1683985.0155673614,715304.7594180696
2022-07-14,1678629.6405673614,715304.7594180696
2022-07-15,1715474.565000116,715304.7594180696
2022-07-18,1698980.0001941316,715304.7594180696
2022-07-19,1752105.3921046846,715304.7594180696
2022-07-20,1765600.8782687779,715304.7594180696
2022-07-21,1786593.9384627931,715304.7594180696
2022-07-22,1766886.1976867311,715304.7594180696
2022-07-25,1768814.1359553926,715304.7594180696
2022-07-26,1743536.7594180696,715304.7594180696
2022-07-27,1797304.6884627931,715304.7594180696
2022-07-28,1824081.5634627931,715304.7594180696
2022-07-29,1856856.5140300386,715304.7594180696
2022-08-01,1849573.200761377,715304.7594180696
2022-08-02,1834792.3134627931,715304.7594180696
2022-08-03,1869280.9415374391,715304.7594180696
2022-08-04,1867567.2640300386,715304.7594180696
2022-08-05,1862640.328836023,715304.7594180696
2022-08-08,1860926.5696120851,715304.7594180696
2022-08-09,1851286.8782687779,715304.7594180696
2022-08-10,1898842.6344180696,715304.7594180696
2022-08-11,1899056.8134627931,715304.7594180696
2022-08-12,1938258.1976867311,715304.7594180696
2022-08-15,1948754.7686420076,715304.7594180696
2022-08-16,1953253.2640300386,715304.7594180696
2022-08-17,1935901.8196120851,715304.7594180696
2022-08-18,1942114.0742240543,715304.7594180696
2022-08-19,1909124.9446120851,715304.7594180696
2022-08-22,1859427.071149408,715304.7594180696
2022-08-23,1853214.8165374391,715304.7594180696
2022-08-24,1860498.1298061006,715304.7594180696
2022-08-25,1892630.3798061006,715304.7594180696
2022-08-26,1812728.1946120851,715304.7594180696
2022-08-29,1797733.1282687779,715304.7594180696
2022-08-30,1773741.071149408,715304.7594180696
2022-08-31,1757674.946149408,715304.7594180696
2022-09-01,1763672.940000116,715304.7594180696
2022-09-02,1741608.821149408,715304.7594180696
2022-09-06,1733897.0680747624,715304.7594180696
2022-09-07,1770527.8134627931,715304.7594180696
2022-09-08,1783809.2022987,715304.7594180696
2022-09-09,1817012.5109553926,715304.7594180696
2022-09-12,1840361.9492240543,715304.7594180696
2022-09-13,1742894.1405673614,715304.7594180696
2022-09-14,1749749.0140300386,715304.7594180696
2022-09-15,1726399.575761377,715304.7594180696
2022-09-16,1711190.330373346,715304.7594180696
2022-09-19,1725971.1359553926,715304.7594180696
2022-09-20,1702835.8767314546,715304.7594180696
2022-09-21,1668133.0696120851,715304.7594180696
2022-09-22,1651424.325761377,715304.7594180696
2022-09-23,1619934.6946120851,715304.7594180696
2022-09-26,1602583.2501941316,715304.7594180696
2022-09-27,1597442.1359553926,715304.7594180696
2022-09-28,1631930.7640300386,715304.7594180696
2022-09-29,1594014.6992240543,715304.7594180696
2022-09-30,1566166.7655673614,715304.7594180696
2022-10-03,1638112.3813823336,88854.60356556124
2022-10-04,1732556.703125345,88854.60356556124
2022-10-05,1725890.0318225496,88854.60356556124
2022-10-06,1690704.8535655611,88854.60356556124
2022-10-07,1601445.6892169588,88854.60356556124
2022-10-10,1577742.0318225496,88854.60356556124
2022-10-11,1558112.3257487887,88854.60356556124
2022-10-12,1548853.0757487887,88854.60356556124
2022-10-13,1625519.7957309359,88854.60356556124
2022-10-14,1555519.747051584,88854.60356556124
2022-10-17,1629964.196171152,88854.60356556124
2022-10-18,1665519.6822627657,88854.60356556124
2022-10-19,1644408.6035655611,88854.60356556124
2022-10-20,1617001.1614001864,88854.60356556124
2022-10-21,1691075.1614001864,88854.60356556124
2022-10-24,1729964.1244281405,88854.60356556124
2022-10-25,1781815.839657175,88854.60356556124
2022-10-26,1756630.66835438,88854.60356556124
2022-10-27,1737371.4114001864,88854.60356556124
2022-10-28,1815889.953125345,88854.60356556124
2022-10-31,1791445.5387767428,88854.60356556124
2022-11-01,1775889.925308573,88854.60356556124
2022-11-02,1690334.5457309359,88854.60356556124
2022-11-03,1656630.8813823336,88854.60356556124
2022-11-04,1701815.925308573,88854.60356556124
2022-11-07,1732927.0109599703,88854.60356556124
2022-11-08,1750334.446171152,88854.60356556124
2022-11-09,1681075.2957309359,88854.60356556124
2022-11-10,1855519.5318225496,88854.60356556124
2022-11-11,1890704.7100795382,88854.60356556124
2022-11-14,1859963.9322627657,88854.60356556124
2022-11-15,1890334.2609599703,88854.60356556124
2022-11-16,1862186.203125345,88854.60356556124
2022-11-17,1849963.925308573,88854.60356556124
2022-11-18,1865149.089657175,88854.60356556124
2022-11-21,1851075.1313823336,88854.60356556124
2022-11-22,1898111.997051584,88854.60356556124
2022-11-23,1921075.0387767428,88854.60356556124
2022-11-25,1919593.5248683565,88854.60356556124
2022-11-28,1861074.997051584,88854.60356556124
2022-11-29,1855149.0827029818,88854.60356556124
2022-11-30,1963667.5040057772,88854.60356556124
2022-12-01,1962926.747051584,88854.60356556124
2022-12-02,1957371.2818225496,88854.60356556124
2022-12-05,1889963.953125345,88854.60356556124
2022-12-06,1838112.096611368,88854.60356556124
2022-12-07,1831075.1174739473,88854.60356556124
2022-12-08,1857371.3535655611,88854.60356556124
2022-12-09,1831445.425308573,88854.60356556124
2022-12-12,1880704.703125345,88854.60356556124
2022-12-13,1908852.7609599703,88854.60356556124
2022-12-14,1885519.4114001864,88854.60356556124
2022-12-15,1796260.247051584,88854.60356556124
2022-12-16,1755519.6035655611,88854.60356556124
2022-12-19,1725890.0318225496,88854.60356556124
2022-12-20,1730704.8813823336,88854.60356556124
2022-12-21,1780334.3257487887,88854.60356556124
2022-12-22,1724408.5179141634,88854.60356556124
2022-12-23,1742556.7100795382,88854.60356556124
2022-12-27,1728852.91835438,88854.60356556124
2022-12-28,1688112.2748683565,88854.60356556124
2022-12-29,1744038.0827029818,88854.60356556124
2022-12-30,1735149.2818225496,88854.60356556124
2023-01-03,1720334.425308573,88854.60356556124
2023-01-04,1746260.3535655611,88854.60356556124
2023-01-05,1707371.5318225496,88854.60356556124
2023-01-06,1781075.0827029818,88854.60356556124
2023-01-09,1779593.7100795382,88854.60356556124
2023-01-10,1803297.3674739473,88854.60356556124
2023-01-11,1845149.0757487887,88854.60356556124
2023-01-12,1857371.3535655611,88854.60356556124
2023-01-13,1871445.453125345,88854.60356556124
2023-01-17,1864408.3327029818,88854.60356556124
2023-01-18,1808852.8327029818,88854.60356556124
2023-01-19,1782186.2887767428,88854.60356556124
2023-01-20,1844778.7679141634,88854.60356556124
2023-01-23,1885519.4114001864,88854.60356556124
2023-01-24,1881445.4600795382,88854.60356556124
2023-01-25,1884038.0387767428,88854.60356556124
2023-01-26,1922186.1035655611,88854.60356556124
2023-01-27,1930334.2887767428,88854.60356556124
2023-01-30,1883667.589657175,88854.60356556124
2023-01-31,1936260.203125345,88854.60356556124
2023-02-01,1975519.3327029818,88854.60356556124
2023-02-02,1929759.1882116073,272.86821160733234
2023-02-03,1909126.3482116074,272.86821160733234
2023-02-06,1895495.6282116072,272.86821160733234
2023-02-07,1921924.8682116074,272.86821160733234
2023-02-08,1916545.1082116072,272.86821160733234
2023-02-09,1936858.1082116077,272.86821160733234
2023-02-10,1939524.428211607,272.86821160733234
2023-02-13,1952444.2682116074,272.86821160733234
2023-02-14,1965291.308211607,272.86821160733234
2023-02-15,1953751.2682116074,272.86821160733234
2023-02-16,1952043.6282116072,272.86821160733234
2023-02-17,1947839.8282116074,272.86821160733234
2023-02-21,1923337.1882116073,272.86821160733234
2023-02-22,1914538.1482116072,272.86821160733234
2023-02-23,1900835.3082116074,272.86821160733234
2023-02-24,1868875.0682116072,272.86821160733234
2023-02-27,1871052.948211607,272.86821160733234
2023-02-28,1845846.1082116072,272.86821160733234
2023-03-01,1881242.7482116078,272.86821160733234
2023-03-02,1894323.1396116074,1383.4296116073965
2023-03-03,1952817.1896116075,1383.4296116073965
2023-03-06,1940101.3096116076,1383.4296116073965
2023-03-07,1908938.4496116075,1383.4296116073965
2023-03-08,1908459.4896116075,1383.4296116073965
2023-03-09,1848723.2696116073,1383.4296116073965
2023-03-10,1821966.9596116075,1383.4296116073965
2023-03-13,1838551.4196116074,1383.4296116073965
2023-03-14,1863002.9896116073,1383.4296116073965
2023-03-15,1831354.2196116075,1383.4296116073965
2023-03-16,1820409.7287981757,1265528.7732775458
2023-03-17,1808073.8031866797,1265528.7732775458
2023-03-20,1817918.8246577033,1265528.7732775458
2023-03-21,1832389.8691370734,1265528.7732775458
2023-03-22,1813174.2065584906,1265528.7732775458
2023-03-23,1815665.1559469947,1265528.7732775458
2023-03-24,1822782.037847782,1265528.7732775458
2023-03-27,1825035.7065584906,1265528.7732775458
2023-03-28,1822544.8024180182,1265528.7732775458
2023-03-29,1838439.2142279395,1265528.7732775458
2023-03-30,1844725.839996601,1265528.7732775458
2023-03-31,1860976.0823271521,1265528.7732775458
2023-04-03,1865364.8246577033,1265528.7732775458
2023-04-04,1858959.6037981757,1265528.7732775458
2023-04-05,1855282.567756916,1265528.7732775458
2023-04-06,1830815.596812122,548.4168121222174
2023-04-10,1853873.2968121222,548.4168121222174
2023-04-11,1864475.2268121224,548.4168121222174
2023-04-12,1853879.5068121222,548.4168121222174
2023-04-13,1890877.6668121223,548.4168121222174
2023-04-14,1893799.2768121222,548.4168121222174
2023-04-17,1895773.1668121223,548.4168121222174
2023-04-18,1903535.0768121225,548.4168121222174
2023-04-19,1922519.386812122,548.4168121222174
2023-04-20,1889086.9968121224,548.4168121222174
2023-04-21,1900119.926812122,548.4168121222174
2023-04-24,1918697.3768121223,548.4168121222174
2023-04-25,1856159.8268121225,548.4168121222174
2023-04-26,1874648.5468121222,548.4168121222174
2023-04-27,1897816.9148121222,807.5648121222112
2023-04-28,1928106.4548121223,807.5648121222112
2023-05-01,1950638.804812122,807.5648121222112
2023-05-02,1924397.8548121222,807.5648121222112
2023-05-03,1906899.3048121221,807.5648121222112
2023-05-04,1888276.9150121221,96.88501212222036
2023-05-05,1917821.6850121222,96.88501212222036
2023-05-08,1924753.5850121225,96.88501212222036
2023-05-09,1918420.0150121222,96.88501212222036
2023-05-10,1934647.1150121223,96.88501212222036
2023-05-11,1927276.5750121223,96.88501212222036
2023-05-12,1915246.2350121224,96.88501212222036
2023-05-15,1931185.2950121225,96.88501212222036
2023-05-16,1937717.7750121225,96.88501212222036
2023-05-17,1963859.4350121222,96.88501212222036
2023-05-18,2009145.3750121226,96.88501212222036
2023-05-19,1993030.8750121226,96.88501212222036
2023-05-22,1995680.9450121224,96.88501212222036
2023-05-23,1964011.6850121222,96.88501212222036
2023-05-24,1970212.525012122,96.88501212222036
2023-05-25,2080580.082012122,100.27201212215004
2023-05-26,2132167.9620121224,100.27201212215004
2023-05-30,2150762.162012122,100.27201212215004
2023-05-31,2131241.362012122,100.27201212215004
2023-06-01,2149397.280212122,16009.680212122155
2023-06-02,2159360.2602121225,16009.680212122155
2023-06-05,2139973.8102121223,16009.680212122155
2023-06-06,2158672.1002121223,16009.680212122155
2023-06-07,2128638.940212122,16009.680212122155
2023-06-08,2149349.459812122,97485.72981212215
2023-06-09,2160625.329812122,97485.72981212215
2023-06-12,2183259.7598121217,97485.72981212215
2023-06-13,2177493.759812122,97485.72981212215
2023-06-14,2165956.689812122,97485.72981212215
2023-06-15,2195812.9006121224,902.6906121222128
2023-06-16,2190790.370612122,902.6906121222128
2023-06-20,2199533.3706121226,902.6906121222128
2023-06-21,2187224.8406121223,902.6906121222128
2023-06-22,2205638.580612122,902.6906121222128
2023-06-23,2201242.2906121225,902.6906121222128
2023-06-26,2173035.5006121225,902.6906121222128
2023-06-27,2210265.660612122,902.6906121222128
2023-06-28,2218853.8906121226,902.6906121222128
2023-06-29,2220548.971712122,181.53171212220332
2023-06-30,2252652.6117121223,181.53171212220332
2023-07-03,2222254.641712122,181.53171212220332
2023-07-05,2239032.731712122,181.53171212220332
2023-07-06,2188065.927312122,54005.67731212231
2023-07-07,2172673.557312122,54005.67731212231
2023-07-10,2210972.0673121223,54005.67731212231
2023-07-11,2202543.9373121224,54005.67731212231
2023-07-12,2246915.5873121223,54005.67731212231
2023-07-13,2246389.5573121225,54005.67731212231
2023-07-14,2287215.2673121225,54005.67731212231
2023-07-17,2280232.8573121224,54005.67731212231
2023-07-18,2291957.717312122,54005.67731212231
2023-07-19,2292303.867312122,54005.67731212231
2023-07-20,2250295.097312122,54005.67731212231
2023-07-21,2223059.477312122,54005.67731212231
2023-07-24,2198393.407312122,54005.67731212231
2023-07-25,2248287.3673121226,54005.67731212231
2023-07-26,2253037.077312122,54005.67731212231
2023-07-27,2259762.667712122,130461.35771212232
2023-07-28,2296852.867712122,130461.35771212232
2023-07-31,2275376.357712122,130461.35771212232
2023-08-01,2280134.4777121223,130461.35771212232
2023-08-02,2247187.277712122,130461.35771212232
2023-08-03,2203141.2043121224,2578.954312122223
2023-08-04,2208704.7443121225,2578.954312122223
2023-08-07,2273154.344312122,2578.954312122223
2023-08-08,2256212.6443121224,2578.954312122223
2023-08-09,2203783.7843121225,2578.954312122223
2023-08-10,2191738.3943121224,2578.954312122223
2023-08-11,2165321.324312122,2578.954312122223
2023-08-14,2189548.9943121225,2578.954312122223
2023-08-15,2177361.8343121223,2578.954312122223
2023-08-16,2127362.7943121227,2578.954312122223
2023-08-17,2062825.4739121222,925.6339121222263
2023-08-18,2055297.023912122,925.6339121222263
2023-08-21,2060963.1439121221,925.6339121222263
2023-08-22,2062279.4939121222,925.6339121222263
2023-08-23,2113747.6839121226,925.6339121222263
2023-08-24,2028537.6771121223,366.58711212221533
2023-08-25,2042729.0671121222,366.58711212221533
2023-08-28,2040496.3971121223,366.58711212221533
2023-08-29,2087105.4271121223,366.58711212221533
2023-08-30,2088877.997112122,366.58711212221533
2023-08-31,2076112.9462121222,101660.42621212208
2023-09-01,2083262.956212122,101660.42621212208
2023-09-05,2077117.8462121221,101660.42621212208
2023-09-06,2059392.4562121225,101660.42621212208
2023-09-07,2024567.1163121222,934.0963121221284
2023-09-08,2038084.776312122,934.0963121221284
2023-09-11,2047381.5663121224,934.0963121221284
2023-09-12,2057499.4263121223,934.0963121221284
2023-09-13,2036875.646312122,934.0963121221284
2023-09-14,2010354.1622121218,16352.092212121817
2023-09-15,1987824.7722121216,16352.092212121817
2023-09-18,1991929.9322121218,16352.092212121817
2023-09-19,1976171.9722121218,16352.092212121817
2023-09-20,1964404.9522121218,16352.092212121817
2023-09-21,1915122.9822121216,16352.092212121817
2023-09-22,1912280.882212122,16352.092212121817
2023-09-25,1930056.592212122,16352.092212121817
2023-09-26,1905233.402212122,16352.092212121817
2023-09-27,1912681.7222121218,16352.092212121817
2023-09-28,1927802.9534121216,28.013412121741567
2023-09-29,1900282.7634121215,28.013412121741567
2023-10-02,1878342.6734121218,28.013412121741567
2023-10-03,1863695.1234121216,28.013412121741567
2023-10-04,1827637.4734121219,28.013412121741567
2023-10-05,1825228.2934121217,28.013412121741567
2023-10-06,1847588.6434121218,28.013412121741567
2023-10-09,1913635.8434121218,28.013412121741567
2023-10-10,1924429.1834121218,28.013412121741567
2023-10-11,1935250.3734121216,28.013412121741567
2023-10-12,1926009.6926121216,1283.8326121217397
2023-10-13,1915285.9326121213,1283.8326121217397
2023-10-16,1936988.8826121218,1283.8326121217397
2023-10-17,1949738.1826121216,1283.8326121217397
2023-10-18,1936271.282612122,1283.8326121217397
2023-10-19,1910802.8579121218,1940.377912121825
2023-10-20,1880132.7379121217,1940.377912121825
2023-10-23,1865198.307912122,1940.377912121825
2023-10-24,1860377.9279121216,1940.377912121825
2023-10-25,1844850.9379121219,1940.377912121825
2023-10-26,1843438.7245121219,1843438.7245121219
2023-10-27,1843438.7245121219,1843438.7245121219
2023-10-30,1843438.7245121219,1843438.7245121219
2023-10-31,1843438.7245121219,1843438.7245121219
2023-11-01,1843438.7245121219,1843438.7245121219
2023-11-02,1843438.7245121219,1843438.7245121219
2023-11-03,1843438.7245121219,1843438.7245121219
2023-11-06,1843438.7245121219,1843438.7245121219
2023-11-07,1843438.7245121219,1843438.7245121219
2023-11-08,1843438.7245121219,1843438.7245121219
2023-11-09,1843438.7245121219,1843438.7245121219
2023-11-10,1843438.7245121219,1843438.7245121219
2023-11-13,1843438.7245121219,1843438.7245121219
2023-11-14,1843438.7245121219,1843438.7245121219
2023-11-15,1843438.7245121219,1843438.7245121219
2023-11-16,1802982.749012122,721.4490121220588
2023-11-17,1792182.1090121223,721.4490121220588
2023-11-20,1803897.779012122,721.4490121220588
2023-11-21,1811816.849012122,721.4490121220588
2023-11-22,1827845.2090121224,721.4490121220588
2023-11-24,1836758.7690121222,721.4490121220588
2023-11-27,1839617.9690121221,721.4490121220588
2023-11-28,1834861.659012122,721.4490121220588
2023-11-29,1817728.0890121222,721.4490121220588
2023-11-30,1830859.369012122,721.4490121220588
2023-12-01,1812119.689012122,721.4490121220588
2023-12-04,1818130.7790121222,721.4490121220588
2023-12-05,1818423.6090121223,721.4490121220588
2023-12-06,1780817.2690121222,721.4490121220588
2023-12-07,1771637.0347121223,39.87471212213859
2023-12-08,1777200.734712122,39.87471212213859
2023-12-11,1806665.534712122,39.87471212213859
2023-12-12,1813143.074712122,39.87471212213859
2023-12-13,1804321.9047121222,39.87471212213859
2023-12-14,1734010.2891121223,12.349112122086808
2023-12-15,1744704.929112122,12.349112122086808
2023-12-18,1754492.839112122,12.349112122086808
2023-12-19,1768491.239112122,12.349112122086808
2023-12-20,1740692.6491121221,12.349112122086808
2023-12-21,1750897.4565121222,1727.926512122096
2023-12-22,1758574.4065121221,1727.926512122096
2023-12-26,1762729.4365121222,1727.926512122096
2023-12-27,1772968.066512122,1727.926512122096
2023-12-28,1790807.806512122,1727.926512122096
2023-12-29,1794106.626512122,1727.926512122096
2024-01-02,1807832.606512122,1727.926512122096
2024-01-03,1811498.4665121222,1727.926512122096
2024-01-04,1801977.581312122,81174.77131212206
2024-01-05,1813325.421312122,81174.77131212206
2024-01-08,1831880.091312122,81174.77131212206
2024-01-09,1837216.231312122,81174.77131212206
2024-01-10,1826076.231312122,81174.77131212206
2024-01-11,1800632.0073121218,2175.0373121220036
2024-01-12,1796789.877312122,2175.0373121220036
2024-01-16,1824589.957312122,2175.0373121220036
2024-01-17,1831484.0473121218,2175.0373121220036
2024-01-18,1836091.9083121219,1073.4283121219923
2024-01-19,1882706.3283121218,1073.4283121219923
2024-01-22,1868337.6683121216,1073.4283121219923
2024-01-23,1869252.3283121218,1073.4283121219923
2024-01-24,1894771.118312122,1073.4283121219923
2024-01-25,1911705.7084121222,1323.4984121220186
2024-01-26,1911032.3684121221,1323.4984121220186
2024-01-29,1925076.688412122,1323.4984121220186
2024-01-30,1899937.768412122,1323.4984121220186
2024-01-31,1865263.378412122,1323.4984121220186
2024-02-01,1891928.754512122,1951.2945121219673
2024-02-02,1894401.554512122,1951.2945121219673
2024-02-05,1884195.8845121218,1951.2945121219673
2024-02-06,1885328.754512122,1951.2945121219673
2024-02-07,1901998.8645121218,1951.2945121219673
2024-02-08,1920776.010312122,878.6403121219482
2024-02-09,1792743.850312122,878.6403121219482
2024-02-12,1804258.200312122,878.6403121219482
2024-02-13,1785545.0403121219,878.6403121219482
2024-02-14,1806307.180312122,878.6403121219482
2024-02-15,1840191.2169121217,12124.386912121903
2024-02-16,1792401.886912122,12124.386912121903
2024-02-20,1769194.0869121219,12124.386912121903
2024-02-21,1769821.2069121217,12124.386912121903
2024-02-22,1827506.858512122,101810.3085121219
2024-02-23,1823876.258512122,101810.3085121219
2024-02-26,1830082.7085121218,101810.3085121219
2024-02-27,1845546.608512122,101810.3085121219
2024-02-28,1835039.498512122,101810.3085121219
2024-02-29,1875157.3113121218,30190.45131212182
2024-03-01,1911043.931312122,30190.45131212182
2024-03-04,1920529.7313121222,30190.45131212182
2024-03-05,1906976.1713121221,30190.45131212182
2024-03-06,1910184.1113121216,30190.45131212182
2024-03-07,1924479.761312122,30190.45131212182
2024-03-08,1904424.7713121218,30190.45131212182
2024-03-11,1859154.2913121218,30190.45131212182
2024-03-12,1894680.991312122,30190.45131212182
2024-03-13,1889158.6913121217,30190.45131212182
2024-03-14,1852285.8913121219,30190.45131212182
2024-03-15,1844830.4413121217,30190.45131212182
2024-03-18,1839677.1913121222,30190.45131212182
2024-03-19,1838221.511312122,30190.45131212182
2024-03-20,1870820.4213121217,30190.45131212182
2024-03-21,1900618.8920121219,1218.8520121218025
2024-03-22,1884327.022012122,1218.8520121218025
2024-03-25,1854078.8020121218,1218.8520121218025
2024-03-26,1838127.3420121218,1218.8520121218025
2024-03-27,1865915.9620121222,1218.8520121218025
2024-03-28,1869307.572012122,1218.8520121218025
2024-04-01,1871319.5620121218,1218.8520121218025
2024-04-02,1826606.502012122,1218.8520121218025
2024-04-03,1822359.2120121222,1218.8520121218025
2024-04-04,1759130.004212122,73613.3742121218
2024-04-05,1785429.704212122,73613.3742121218
2024-04-08,1766308.1342121218,73613.3742121218
2024-04-09,1759463.9142121219,73613.3742121218
2024-04-10,1705815.4342121216,73613.3742121218
2024-04-11,1738082.5916121216,2348.861612121691
2024-04-12,1711329.6116121216,2348.861612121691
2024-04-15,1676972.4116121219,2348.861612121691
2024-04-16,1676282.2316121217,2348.861612121691
2024-04-17,1647998.7716121217,2348.861612121691
2024-04-18,1641633.841412122,100076.30141212174
2024-04-19,1572026.6614121217,100076.30141212174
2024-04-22,1594699.3514121217,100076.30141212174
2024-04-23,1661802.8314121217,100076.30141212174
2024-04-24,1636272.6914121215,100076.30141212174
2024-04-25,1605072.8514121217,100076.30141212174
2024-04-26,1629168.6014121217,100076.30141212174
2024-04-29,1625014.861412122,100076.30141212174
2024-04-30,1605666.0214121216,100076.30141212174
2024-05-01,1594016.7214121218,100076.30141212174
2024-05-02,1608542.2662121216,886.4662121217989
2024-05-03,1651361.9562121218,886.4662121217989
2024-05-06,1687608.3162121219,886.4662121217989
2024-05-07,1663182.5862121216,886.4662121217989
2024-05-08,1693632.2662121218,886.4662121217989
2024-05-09,1730425.484212122,56990.9542121218
2024-05-10,1731267.974212122,56990.9542121218
2024-05-13,1713567.0842121218,56990.9542121218
2024-05-14,1725445.694212122,56990.9542121218
2024-05-15,1771486.504212122,56990.9542121218
2024-05-16,1740659.9042121219,592.554212121795
2024-05-17,1719726.5242121215,592.554212121795
2024-05-20,1726223.8842121218,592.554212121795
2024-05-21,1758173.8942121218,592.554212121795
2024-05-22,1740300.7942121217,592.554212121795
2024-05-23,1790986.9965121215,1316.016512121787
2024-05-24,1848274.0865121216,1316.016512121787
2024-05-28,1871896.3465121218,1316.016512121787
2024-05-29,1834752.256512122,1316.016512121787
2024-05-30,1834206.696512122,1316.016512121787
2024-05-31,1803947.9665121217,1316.016512121787
2024-06-03,1780625.396512122,1316.016512121787
2024-06-04,1773564.0565121218,1316.016512121787
2024-06-05,1828077.7865121218,1316.016512121787
2024-06-06,1786266.3965121217,1316.016512121787
2024-06-07,1782325.656512122,1316.016512121787
2024-06-10,1830003.8065121218,1316.016512121787
2024-06-11,1829055.406512122,1316.016512121787
2024-06-12,1843723.4865121217,1316.016512121787
2024-06-13,1835279.6435121219,840.0135121217754
2024-06-14,1833147.4335121217,840.0135121217754
2024-06-17,1856252.2335121217,840.0135121217754
2024-06-18,1899788.8235121218,840.0135121217754
2024-06-20,1888920.9035121216,840.0135121217754
2024-06-21,1860608.3835121219,840.0135121217754
2024-06-24,1817478.0135121217,840.0135121217754
2024-06-25,1856214.1035121216,840.0135121217754
2024-06-26,1830026.9435121217,840.0135121217754
2024-06-27,1804094.9094121219,965.8194121217675
2024-06-28,1784696.9094121216,965.8194121217675
2024-07-01,1794435.489412122,965.8194121217675
2024-07-02,1802246.0394121215,965.8194121217675
2024-07-03,1839803.6694121219,965.8194121217675
2024-07-05,1811134.5453121215,3929.0553121217818
2024-07-08,1846963.235312122,3929.0553121217818
2024-07-09,1861638.9753121217,3929.0553121217818
2024-07-10,1885983.1453121218,3929.0553121217818
2024-07-11,1856915.1052121217,4103.74521212175
2024-07-12,1866259.055212122,4103.74521212175
2024-07-15,1791969.7952121217,4103.74521212175
2024-07-16,1786648.2252121218,4103.74521212175
2024-07-17,1670114.2852121214,4103.74521212175
2024-07-18,1651945.7116121217,11258.361612121633
2024-07-19,1632733.8316121215,11258.361612121633
2024-07-22,1700961.6016121216,11258.361612121633
2024-07-23,1696521.9516121217,11258.361612121633
2024-07-24,1600261.0516121218,11258.361612121633
2024-07-25,1537043.1133121215,35021.943312121555
2024-07-26,1551397.7349121214,406623.2349121215
2024-07-29,1537371.6549121214,406623.2349121215
2024-07-30,1466003.5449121215,406623.2349121215
2024-07-31,1511929.4649121214,406623.2349121215
2024-08-01,1464501.7379121215,7500.337912121526
2024-08-02,1443914.1879121216,7500.337912121526
2024-08-05,1388102.0879121216,7500.337912121526
2024-08-06,1400577.0879121216,7500.337912121526
2024-08-07,1382875.7579121215,7500.337912121526
2024-08-08,1406293.5447121216,1735.6847121214669
2024-08-09,1418205.9847121215,1735.6847121214669
2024-08-12,1429117.3447121216,1735.6847121214669
2024-08-13,1465822.1047121217,1735.6847121214669
2024-08-14,1476287.2247121215,1735.6847121214669
2024-08-15,1478726.6847121215,1735.6847121214669
2024-08-16,1487682.7647121216,1735.6847121214669
2024-08-19,1501051.2247121215,1735.6847121214669
2024-08-20,1498194.9047121215,1735.6847121214669
2024-08-21,1514988.8047121216,1735.6847121214669
2024-08-22,1500361.9506121215,64.25061212148285
2024-08-23,1514500.9006121217,64.25061212148285
2024-08-26,1510439.4406121215,64.25061212148285
2024-08-27,1520968.7506121215,64.25061212148285
2024-08-28,1509855.9806121215,64.25061212148285
2024-08-29,1499201.9550121215,22460.75501212146
2024-08-30,1500632.5250121215,22460.75501212146
2024-09-03,1478234.1150121216,22460.75501212146
2024-09-04,1471286.9950121215,22460.75501212146
2024-09-05,1457519.2562121213,18040.856212121493
2024-09-06,1451614.3162121214,18040.856212121493
2024-09-09,1470166.0162121214,18040.856212121493
2024-09-10,1490488.5462121214,18040.856212121493
2024-09-11,1504581.6462121215,18040.856212121493
2024-09-12,1509104.2598121213,49.109812121489085
2024-09-13,1516003.1098121214,49.109812121489085
2024-09-16,1524772.9698121212,49.109812121489085
2024-09-17,1511261.7498121215,49.109812121489085
2024-09-18,1513064.5498121213,49.109812121489085
2024-09-19,1496586.309812121,49.109812121489085
2024-09-20,1503559.9698121217,49.109812121489085
2024-09-23,1532843.0898121214,49.109812121489085
2024-09-24,1532902.5998121211,49.109812121489085
2024-09-25,1537578.8198121213,49.109812121489085
2024-09-26,1533375.0048121216,71416.7248121215
2024-09-27,1524981.7848121217,71416.7248121215
2024-09-30,1535232.1548121215,71416.7248121215
2024-10-01,1528592.7548121216,71416.7248121215
2024-10-02,1526771.9148121215,71416.7248121215
2024-10-03,1517643.5632121216,2057.8432121214864
2024-10-04,1514004.8332121216,2057.8432121214864
2024-10-07,1516769.2632121213,2057.8432121214864
2024-10-08,1527644.9932121215,2057.8432121214864
2024-10-09,1542390.9932121215,2057.8432121214864
2024-10-10,1518497.6232121214,2057.8432121214864
2024-10-11,1543967.9132121215,2057.8432121214864
2024-10-14,1563022.8332121214,2057.8432121214864
2024-10-15,1566195.1832121215,2057.8432121214864
2024-10-16,1572882.3132121214,2057.8432121214864
2024-10-17,1569682.4932121213,2057.8432121214864
2024-10-18,1567362.7432121213,2057.8432121214864
2024-10-21,1557694.9432121215,2057.8432121214864
2024-10-22,1557831.6432121214,2057.8432121214864
2024-10-23,1553063.1932121215,2057.8432121214864
2024-10-24,1537915.2095121215,1814.4995121214452
2024-10-25,1547248.2395121215,1814.4995121214452
2024-10-28,1567551.6995121215,1814.4995121214452
2024-10-29,1566589.6795121215,1814.4995121214452
2024-10-30,1551230.3595121214,1814.4995121214452
2024-10-31,1520612.4295121215,108846.12951212144
2024-11-01,1511277.6195121214,108846.12951212144
2024-11-04,1507447.1895121215,108846.12951212144
2024-11-05,1600048.5595121214,108846.12951212144
2024-11-06,1618204.2295121215,108846.12951212144
2024-11-07,1651513.8795121214,2787.0395121214387
2024-11-08,1718818.8395121214,2787.0395121214387
2024-11-11,1733432.0795121214,2787.0395121214387
2024-11-12,1692140.7895121214,2787.0395121214387
2024-11-13,1712832.0595121214,2787.0395121214387
2024-11-14,1685076.4161121214,74285.9361121215
2024-11-15,1710899.4861121215,74285.9361121215
2024-11-18,1680519.0161121213,74285.9361121215
2024-11-19,1724409.3361121214,74285.9361121215
2024-11-20,1730132.1161121214,74285.9361121215
2024-11-21,1728676.9161121214,74285.9361121215
2024-11-22,1762945.9061121214,74285.9361121215
2024-11-25,1750896.7661121215,74285.9361121215
2024-11-26,1771564.6961121215,74285.9361121215
2024-11-27,1762000.8861121214,74285.9361121215
2024-11-29,1771094.0619121213,1454.241912121477
2024-12-02,1764524.3419121213,1454.241912121477
2024-12-03,1773649.5219121217,1454.241912121477
2024-12-04,1807523.9019121213,1454.241912121477
2024-12-05,1837520.8863121215,2361.606312121454
2024-12-06,1839399.9663121216,2361.606312121454
2024-12-09,1752713.7463121216,2361.606312121454
2024-12-10,1723714.0163121214,2361.606312121454
2024-12-11,1779363.9663121214,2361.606312121454
2024-12-12,1741598.6163121215,2361.606312121454
2024-12-13,1751442.3963121215,2361.606312121454
2024-12-16,1761151.6463121213,2361.606312121454
2024-12-17,1726980.9963121214,2361.606312121454
2024-12-18,1660155.3963121215,2361.606312121454
2024-12-19,1728931.7713121215,110162.21131212145
2024-12-20,1787559.4113121217,110162.21131212145
2024-12-23,1804654.3713121216,110162.21131212145
2024-12-24,1830485.3313121216,110162.21131212145
2024-12-26,1823635.2913121216,110162.21131212145
2024-12-27,1780715.6513121217,110162.21131212145
2024-12-30,1760043.5313121213,110162.21131212145
2024-12-31,1740192.0513121216,110162.21131212145
2025-01-02,1767718.9713121213,110162.21131212145
2025-01-03,1838319.2913121216,110162.21131212145
2025-01-06,1863169.1313121214,110162.21131212145
2025-01-07,1845612.6113121214,110162.21131212145
2025-01-08,1843260.6113121214,110162.21131212145
2025-01-10,1872608.0299121216,1197.209912121456
2025-01-13,1835500.5899121214,1197.209912121456
2025-01-14,1900741.4699121215,1197.209912121456
2025-01-15,1898615.9499121213,1197.209912121456
2025-01-16,1922554.1239121212,2888.2839121213765
2025-01-17,1944469.4439121212,2888.2839121213765
2025-01-21,2020578.7039121212,2888.2839121213765
2025-01-22,2019005.2439121213,2888.2839121213765
2025-01-23,2017371.5672121213,104723.31721212137
2025-01-24,1998980.1472121214,104723.31721212137
2025-01-27,1755954.3572121211,104723.31721212137
2025-01-28,1817092.1172121214,104723.31721212137
2025-01-29,1831153.2872121215,104723.31721212137
2025-01-30,1859074.6017121216,1147.7417121214821
2025-01-31,1840003.9017121217,1147.7417121214821
2025-02-03,1809417.6517121217,1147.7417121214821
2025-02-04,1946908.8717121214,1147.7417121214821
2025-02-05,1926658.7517121218,1147.7417121214821
2025-02-06,2017847.9106121215,28633.450612121494
2025-02-07,1989611.1106121216,28633.450612121494
2025-02-10,1958606.0306121216,28633.450612121494
2025-02-11,1936902.5306121216,28633.450612121494
2025-02-12,1983002.3706121214,28633.450612121494
2025-02-13,1983172.0138121217,1386.713812121423
2025-02-14,2008639.0538121213,1386.713812121423
2025-02-18,2015576.4938121215,1386.713812121423
2025-02-19,2045335.2138121214,1386.713812121423
2025-02-20,1972738.4138121211,52.13381212140666
2025-02-21,1873463.5138121215,52.13381212140666
2025-02-24,1864540.9438121214,52.13381212140666
2025-02-25,1825007.2938121213,52.13381212140666
2025-02-26,1850681.7338121212,52.13381212140666
2025-02-27,1780752.0382121212,233.61821212124778
2025-02-28,1802129.3682121213,233.61821212124778
2025-03-03,1753978.7082121214,233.61821212124778
2025-03-04,1717927.8382121213,233.61821212124778
2025-03-05,1721709.1982121211,233.61821212124778
2025-03-06,1657397.871112121,236.27111212117597
2025-03-07,1645364.7511121212,236.27111212117597
2025-03-10,1606869.8111121212,236.27111212117597
2025-03-11,1622773.3311121212,236.27111212117597
2025-03-12,1621125.931112121,236.27111212117597
2025-03-13,1629819.286612121,1629819.286612121
2025-03-14,1629819.286612121,1629819.286612121
2025-03-17,1629819.286612121,1629819.286612121
2025-03-18,1629819.286612121,1629819.286612121
2025-03-19,1629819.286612121,1629819.286612121
2025-03-20,1629819.286612121,1629819.286612121
2025-03-21,1629819.286612121,1629819.286612121
2025-03-24,1629819.286612121,1629819.286612121
2025-03-25,1629819.286612121,1629819.286612121
2025-03-26,1629819.286612121,1629819.286612121
2025-03-27,1629819.286612121,1629819.286612121
2025-03-28,1629819.286612121,1629819.286612121
2025-03-31,1629819.286612121,1629819.286612121
2025-04-01,1629819.286612121,1629819.286612121
2025-04-02,1629819.286612121,1629819.286612121
2025-04-03,1629819.286612121,1629819.286612121
2025-04-04,1629819.286612121,1629819.286612121
2025-04-07,1623032.4790375056,1140884.1680404963
2025-04-08,1607897.7900345149,1140884.1680404963
2025-04-09,1695462.7960464777,1140884.1680404963
2025-04-10,1656617.0704452815,1140884.1680404963
2025-04-11,1674274.2534363093,1140884.1680404963
2025-04-14,1684652.2960464777,1140884.1680404963
2025-04-15,1681913.6558410944,1140884.1680404963
2025-04-16,1657698.1314422907,1140884.1680404963
2025-04-17,1658707.107043487,1140884.1680404963
2025-04-21,1634131.2656357111,1140884.1680404963
2025-04-22,1659067.4790375056,1140884.1680404963
2025-04-23,1675427.3448440852,1140884.1680404963
2025-04-24,1697624.9180404963,1140884.1680404963
2025-04-25,1705408.4912369074,1140884.1680404963
2025-04-28,1706129.1802398982,1140884.1680404963
2025-04-29,1712759.607043487,1140884.1680404963
2025-04-30,1712903.777835113,1140884.1680404963
2025-05-01,1721335.9546387019,1140884.1680404963
2025-05-02,1737984.107043487,1140884.1680404963
2025-05-05,1731497.7960464777,1140884.1680404963
2025-05-06,1721552.1558410944,1140884.1680404963
2025-05-07,1726525.0034363093,1140884.1680404963
2025-05-08,1734164.4058410944,1140884.1680404963
2025-05-09,1732506.771647674,1140884.1680404963
2025-05-12,1771280.4668381037,1140884.1680404963
2025-05-13,1779856.8144333186,1140884.1680404963
2025-05-14,1781154.021647674,1140884.1680404963
2025-05-15,1787352.0460464777,1140884.1680404963
2025-05-16,1795351.8204452815,1140884.1680404963
2025-05-19,1796937.3692428889,1140884.1680404963
2025-05-20,1792036.607043487,1140884.1680404963
2025-05-21,1770271.4912369074,1140884.1680404963
2025-05-22,1751366.2774049432,475.1374049433507
2025-05-23,1762711.2474049435,475.1374049433507
2025-05-27,1755442.8174049433,475.1374049433507
2025-05-28,1739116.3074049433,475.1374049433507
2025-05-29,1732487.4874049434,475.1374049433507
2025-05-30,1748899.8074049433,475.1374049433507
2025-06-02,1758433.4274049432,475.1374049433507
2025-06-03,1810610.2274049432,475.1374049433507
2025-06-04,1794712.2674049432,475.1374049433507
2025-06-05,1809055.0582049435,80437.35820494335
2025-06-06,1821647.9382049434,80437.35820494335
2025-06-09,1807021.2282049432,80437.35820494335
2025-06-10,1795271.5182049435,80437.35820494335
2025-06-11,1806394.9082049436,80437.35820494335
2025-06-12,1821261.9590049433,823.1790049433475
2025-06-13,1812802.7190049435,823.1790049433475
2025-06-16,1824367.3290049434,823.1790049433475
2025-06-17,1818432.1390049434,823.1790049433475
2025-06-18,1812822.9690049435,823.1790049433475
2025-06-20,1811016.7490049433,823.1790049433475
2025-06-23,1829155.5890049436,823.1790049433475
2025-06-24,1830100.6690049432,823.1790049433475
2025-06-25,1798648.3690049434,823.1790049433475
2025-06-26,1819244.2508049433,2319.560804943292
2025-06-27,1836098.590804943,2319.560804943292
2025-06-30,1836808.3908049434,2319.560804943292
2025-07-01,1812934.3308049433,2319.560804943292
2025-07-02,1793998.810804943,2319.560804943292
2025-07-03,1803667.4023049432,3861.6523049433017
2025-07-07,1836841.2123049432,3861.6523049433017
2025-07-08,1796911.9623049432,3861.6523049433017
2025-07-09,1804749.9223049432,3861.6523049433017
2025-07-10,1807175.8887049435,1285.3087049432943
2025-07-11,1808969.0887049432,1285.3087049432943
2025-07-14,1845018.8987049432,1285.3087049432943
2025-07-15,1828507.7487049433,1285.3087049432943
2025-07-16,1825597.0187049434,1285.3087049432943
2025-07-17,1857839.6945049432,3733.2145049432
2025-07-18,1884039.054504943,3733.2145049432
2025-07-21,1868136.6545049432,3733.2145049432
2025-07-22,1843306.0245049433,3733.2145049432
2025-07-23,1954458.6345049432,3733.2145049432
2025-07-24,1939831.9845049432,3733.2145049432
2025-07-25,1961604.1245049434,3733.2145049432
2025-07-28,1959658.824504943,3733.2145049432
2025-07-29,1939460.8245049433,3733.2145049432
2025-07-30,1997227.014504943,3733.2145049432
2025-07-31,1999161.833204943,1140.99320494321
2025-08-01,1934156.6432049433,1140.99320494321
2025-08-04,1987981.2032049429,1140.99320494321
2025-08-05,1999684.4832049434,1140.99320494321
2025-08-06,1943443.2087049433,230614.5287049432
2025-08-07,1983476.2071049432,8281.907104943064
2025-08-08,2011281.8071049433,8281.907104943064
2025-08-11,2010131.447104943,8281.907104943064
2025-08-12,2047563.6471049427,8281.907104943064
2025-08-13,2029110.3271049429,8281.907104943064
2025-08-14,2002500.936604943,14.926604943117127
2025-08-15,1976937.7366049432,14.926604943117127
2025-08-18,1992344.596604943,14.926604943117127
2025-08-19,1924579.556604943,14.926604943117127
2025-08-20,1920789.9666049432,14.926604943117127
2025-08-21,1903829.546604943,14.926604943117127
2025-08-22,1942083.7466049432,14.926604943117127
2025-08-25,1964429.306604943,14.926604943117127
2025-08-26,2000371.396604943,14.926604943117127
2025-08-27,1998920.596604943,14.926604943117127
2025-08-28,2038373.7138049433,85023.53380494312
2025-08-29,1991848.6838049435,85023.53380494312
2025-09-02,1987225.533804943,85023.53380494312
2025-09-03,2026646.153804943,85023.53380494312
2025-09-04,2073028.158704943,41146.73870494298
2025-09-05,2093232.238704943,41146.73870494298
2025-09-08,2117821.478704943,41146.73870494298
2025-09-09,2150111.178704943,41146.73870494298
2025-09-10,2348915.208704943,41146.73870494298
2025-09-11,2344303.3343049427,51.43430494295899
2025-09-12,2316963.424304943,51.43430494295899
2025-09-15,2416199.9243049426,51.43430494295899
2025-09-16,2421577.5443049427,51.43430494295899
2025-09-17,2398036.824304943,51.43430494295899
2025-09-18,2459620.347904943,2327.537904942932
2025-09-19,2488255.807904943,2327.537904942932
2025-09-22,2550837.997904943,2327.537904942932
2025-09-23,2468079.527904943,2327.537904942932
2025-09-24,2447612.5679049427,2327.537904942932
2025-09-25,2392276.099404943,1174.8594049429375
2025-09-26,2377450.3694049427,1174.8594049429375
2025-09-29,2535205.529404943,1174.8594049429375
2025-09-30,2611223.209404943,1174.8594049429375
2025-10-01,2740572.3294049427,1174.8594049429375
2025-10-02,2743701.0394049427,1174.8594049429375
2025-10-03,2753409.499404943,1174.8594049429375
2025-10-06,2684262.2894049427,1174.8594049429375
2025-10-07,2581538.779404943,1174.8594049429375
2025-10-08,2658157.099404943,1174.8594049429375
2025-10-09,2659848.865904943,2347.1559049429197
2025-10-10,2535785.815904943,2347.1559049429197
2025-10-13,2544767.8159049433,2347.1559049429197
2025-10-14,2427337.575904943,2347.1559049429197
2025-10-15,2503149.405904943,2347.1559049429197
2025-10-16,2513219.1163049424,115093.94630494271
2025-10-17,2500256.0663049426,115093.94630494271
2025-10-20,2445220.0763049424,115093.94630494271
2025-10-21,2415003.966304943,115093.94630494271
2025-10-22,2400386.506304943,115093.94630494271
2025-10-23,2503618.1664049425,86299.14640494267
2025-10-24,2596343.8864049427,86299.14640494267
2025-10-27,2621099.216404943,86299.14640494267
2025-10-28,2579460.376404943,86299.14640494267
2025-10-29,2776608.3064049426,86299.14640494267
2025-10-30,2724598.2970049423,1385.4770049426734
2025-10-31,2810528.9270049427,1385.4770049426734
2025-11-03,2872788.587004943,1385.4770049426734
2025-11-04,2729300.037004942,1385.4770049426734
2025-11-05,2874074.567004943,1385.4770049426734
2025-11-06,2831572.4870049427,1385.4770049426734
2025-11-07,2844591.7670049425,1385.4770049426734
2025-11-10,3000214.5070049427,1385.4770049426734
2025-11-11,2885579.397004943,1385.4770049426734
2025-11-12,2847410.4070049427,1385.4770049426734
2025-11-13,2658908.3118049423,1602.5918049426691
2025-11-14,2656427.1918049427,1602.5918049426691
2025-11-17,2630064.8418049426,1602.5918049426691
2025-11-18,2544571.721804943,1602.5918049426691
2025-11-19,2586866.9118049424,1602.5918049426691
2025-11-20,2361333.6540049426,11.974004942690954
2025-11-21,2379151.0340049425,11.974004942690954
2025-11-24,2472292.5340049425,11.974004942690954
2025-11-25,2508209.4940049425,11.974004942690954
2025-11-26,2588174.6140049426,11.974004942690954
2025-11-28,2634303.1540049426,11.974004942690954
2025-12-01,2626654.474004943,11.974004942690954
2025-12-02,2635392.474004943,11.974004942690954
2025-12-03,2595135.6540049426,11.974004942690954
2025-12-04,2606372.8740049424,11.974004942690954
2025-12-05,2747645.7540049423,11.974004942690954
2025-12-08,2835333.594004943,11.974004942690954
2025-12-09,2887326.4940049434,11.974004942690954
2025-12-10,3038622.714004942,11.974004942690954
2025-12-11,3064834.6246049427,1723.814604942716
2025-12-12,2959353.7146049426,1723.814604942716
2025-12-15,2921723.4046049425,1723.814604942716
2025-12-16,2893492.1746049426,1723.814604942716
2025-12-17,2799086.5446049427,1723.814604942716
2025-12-18,2893236.5446049427,1723.814604942716
2025-12-19,2970414.1446049428,1723.814604942716
2025-12-22,2986831.5046049426,1723.814604942716
2025-12-23,3005912.964604942,1723.814604942716
2025-12-24,3043698.0846049427,1723.814604942716
2025-12-26,3031596.634604943,1723.814604942716
2025-12-29,3036256.9446049426,1723.814604942716
2025-12-30,3023214.454604943,1723.814604942716
2025-12-31,2978198.3946049428,1723.814604942716
2026-01-02,3116260.724604943,1723.814604942716
2026-01-05,3115272.6446049428,1723.814604942716
2026-01-06,3385123.424604943,1723.814604942716
2026-01-07,3264931.8246049425,1723.814604942716
2026-01-08,3097423.592504943,81337.34250494279
2026-01-09,3245930.3925049426,81337.34250494279
2026-01-12,3375699.752504943,81337.34250494279
2026-01-13,3401978.322504943,81337.34250494279
2026-01-14,3383361.732504943,81337.34250494279
2026-01-15,3410262.903753722,81337.34250494279
2026-01-16,3419094.470022643,81337.34250494279
2026-01-20,3486216.7625946645,81337.34250494279
2026-01-21,3693369.5561279897,81337.34250494279
2026-01-22,3773522.270513976,81337.34250494279
2026-01-23,3762315.0371918324,81337.34250494279
2026-01-26,3782033.543798888,81337.34250494279
2026-01-27,3929126.289892638,81337.34250494279
2026-01-28,4184689.1228546742,81337.34250494279
2026-01-29,4168322.2734284047,81337.34250494279
2026-01-30,3874468.925665343,81337.34250494279
2026-02-02,4018703.0635742787,81337.34250494279
2026-02-03,4101776.781912292,81337.34250494279
2026-02-04,3866363.37366339,81337.34250494279
2026-02-05,3748193.224879821,196858.46250494279
2026-02-06,3940592.5006519156,196858.46250494279
2026-02-09,3930510.9775958853,196858.46250494279
2026-02-10,3786901.4429126577,196858.46250494279
2026-02-11,3975827.1478076773,196858.46250494279
2026-02-12,3951286.521916564,1986.6336719349783
2026-02-13,3980090.952244933,1986.6336719349783
2026-02-17,3957442.7153827506,1986.6336719349783
2026-02-18,4081661.9343005973,1986.6336719349783
2026-02-19,3982564.5504504996,1986.6336719349783
2026-02-20,4015531.145985778,1986.6336719349783
2026-02-23,4039569.7178546744,1986.6336719349783
2026-02-24,4043667.0405475455,1986.6336719349783
2026-02-25,4254939.040898497,1986.6336719349783
2026-02-26,4090697.8934985953,1986.6336719349783
2026-02-27,4026049.9907123405,1986.6336719349783
2026-03-02,3932542.906315978,1986.6336719349783
2026-03-03,3648647.9073077994,1986.6336719349783
2026-03-04,3795808.2225696403,1986.6336719349783
2026-03-05,3724655.84116751,18.76568228052929
2026-03-06,3583511.8143845205,18.76568228052929
2026-03-09,3784115.079170287,18.76568228052929
2026-03-10,3798460.146270812,18.76568228052929
2026-03-11,3870168.315273345,18.76568228052929
2026-03-12,3743216.7619286184,18.76568228052929
2026-03-13,3779433.17666632,18.76568228052929
2026-03-16,3900380.2782593374,18.76568228052929
2026-03-17,4071207.823185027,18.76568228052929
2026-03-18,4012332.700153411,18.76568228052929
2026-03-18,4013130.0026932363,126523.67188268946
